ds,y,unique_id
2016-06-30,228592.96,CA
2016-07-31,240854.33,CA
2016-08-31,249501.46999999997,CA
2016-09-30,242258.89999999997,CA
2016-10-31,261049.58499999996,CA
2016-11-30,239554.58499999996,CA
2016-06-30,54345.725,CA_1
2016-07-31,56856.17,CA_1
2016-08-31,58431.59,CA_1
2016-09-30,56699.454999999994,CA_1
2016-10-31,64639.719999999994,CA_1
2016-11-30,65698.28,CA_1
2016-06-30,69812.9,CA_2
2016-07-31,75795.23999999999,CA_2
2016-08-31,80017.15499999998,CA_2
2016-09-30,77322.64499999999,CA_2
2016-10-31,82138.04,CA_2
2016-11-30,77651.26999999999,CA_2
2016-06-30,64225.585,CA_3
2016-07-31,66504.895,CA_3
2016-08-31,68383.015,CA_3
2016-09-30,69819.02,CA_3
2016-10-31,80899.55,CA_3
2016-11-30,76088.38500000001,CA_3
2016-06-30,41108.36,CA_4
2016-07-31,41721.87,CA_4
2016-08-31,43852.195,CA_4
2016-09-30,42945.44,CA_4
2016-10-31,45688.3,CA_4
2016-11-30,39669.715000000004,CA_4
2016-06-30,48.975,FOODS_2_181_CA_3_evaluation
2016-07-31,49.815000000000005,FOODS_2_181_CA_3_evaluation
2016-08-31,48.980000000000004,FOODS_2_181_CA_3_evaluation
2016-09-30,41.645,FOODS_2_181_CA_3_evaluation
2016-10-31,47.84,FOODS_2_181_CA_3_evaluation
2016-11-30,39.285000000000004,FOODS_2_181_CA_3_evaluation
2016-06-30,48.82666666666667,FOODS_2_181_TX_1_evaluation
2016-07-31,51.361666666666665,FOODS_2_181_TX_1_evaluation
2016-08-31,50.526666666666664,FOODS_2_181_TX_1_evaluation
2016-09-30,42.775416666666665,FOODS_2_181_TX_1_evaluation
2016-10-31,47.275416666666665,FOODS_2_181_TX_1_evaluation
2016-11-30,39.385416666666664,FOODS_2_181_TX_1_evaluation
2016-06-30,41.5225,FOODS_2_347_CA_3_evaluation
2016-07-31,40.875952380952384,FOODS_2_347_CA_3_evaluation
2016-08-31,37.7527380952381,FOODS_2_347_CA_3_evaluation
2016-09-30,27.7877380952381,FOODS_2_347_CA_3_evaluation
2016-10-31,22.7927380952381,FOODS_2_347_CA_3_evaluation
2016-11-30,18.7027380952381,FOODS_2_347_CA_3_evaluation
2016-06-30,44.45,FOODS_2_371_CA_3_evaluation
2016-07-31,48.190000000000005,FOODS_2_371_CA_3_evaluation
2016-08-31,48.330000000000005,FOODS_2_371_CA_3_evaluation
2016-09-30,41.40500000000001,FOODS_2_371_CA_3_evaluation
2016-10-31,45.80500000000001,FOODS_2_371_CA_3_evaluation
2016-11-30,38.02000000000001,FOODS_2_371_CA_3_evaluation
2016-06-30,45.9375,FOODS_3_042_WI_1_evaluation
2016-07-31,49.7175,FOODS_3_042_WI_1_evaluation
2016-08-31,47.7425,FOODS_3_042_WI_1_evaluation
2016-09-30,39.3975,FOODS_3_042_WI_1_evaluation
2016-10-31,39.6925,FOODS_3_042_WI_1_evaluation
2016-11-30,34.947500000000005,FOODS_3_042_WI_1_evaluation
2016-06-30,48.9475,FOODS_3_042_WI_3_evaluation
2016-07-31,51.762499999999996,FOODS_3_042_WI_3_evaluation
2016-08-31,49.95083333333333,FOODS_3_042_WI_3_evaluation
2016-09-30,42.804583333333326,FOODS_3_042_WI_3_evaluation
2016-10-31,46.86458333333333,FOODS_3_042_WI_3_evaluation
2016-11-30,39.79958333333333,FOODS_3_042_WI_3_evaluation
2016-06-30,47.545,FOODS_3_080_CA_1_evaluation
2016-07-31,51.29,FOODS_3_080_CA_1_evaluation
2016-08-31,49.425,FOODS_3_080_CA_1_evaluation
2016-09-30,42.186,FOODS_3_080_CA_1_evaluation
2016-10-31,47.816,FOODS_3_080_CA_1_evaluation
2016-11-30,41.196000000000005,FOODS_3_080_CA_1_evaluation
2016-06-30,49.60966666666667,FOODS_3_080_CA_2_evaluation
2016-07-31,51.31966666666667,FOODS_3_080_CA_2_evaluation
2016-08-31,45.84466666666667,FOODS_3_080_CA_2_evaluation
2016-09-30,35.114666666666665,FOODS_3_080_CA_2_evaluation
2016-10-31,30.724666666666664,FOODS_3_080_CA_2_evaluation
2016-11-30,20.994666666666664,FOODS_3_080_CA_2_evaluation
2016-06-30,47.605000000000004,FOODS_3_080_CA_3_evaluation
2016-07-31,51.365,FOODS_3_080_CA_3_evaluation
2016-08-31,49.5825,FOODS_3_080_CA_3_evaluation
2016-09-30,41.292500000000004,FOODS_3_080_CA_3_evaluation
2016-10-31,47.1225,FOODS_3_080_CA_3_evaluation
2016-11-30,40.03,FOODS_3_080_CA_3_evaluation
2016-06-30,34.835,FOODS_3_080_CA_4_evaluation
2016-07-31,47.285,FOODS_3_080_CA_4_evaluation
2016-08-31,39.33,FOODS_3_080_CA_4_evaluation
2016-09-30,35.735,FOODS_3_080_CA_4_evaluation
2016-10-31,30.740000000000002,FOODS_3_080_CA_4_evaluation
2016-11-30,21.840000000000003,FOODS_3_080_CA_4_evaluation
2016-06-30,47.455,FOODS_3_080_TX_1_evaluation
2016-07-31,51.974999999999994,FOODS_3_080_TX_1_evaluation
2016-08-31,47.942499999999995,FOODS_3_080_TX_1_evaluation
2016-09-30,37.9375,FOODS_3_080_TX_1_evaluation
2016-10-31,41.6825,FOODS_3_080_TX_1_evaluation
2016-11-30,34.3075,FOODS_3_080_TX_1_evaluation
2016-06-30,49.81,FOODS_3_080_TX_2_evaluation
2016-07-31,52.555,FOODS_3_080_TX_2_evaluation
2016-08-31,49.62125,FOODS_3_080_TX_2_evaluation
2016-09-30,42.087250000000004,FOODS_3_080_TX_2_evaluation
2016-10-31,47.04225,FOODS_3_080_TX_2_evaluation
2016-11-30,40.54475,FOODS_3_080_TX_2_evaluation
2016-06-30,47.775,FOODS_3_080_TX_3_evaluation
2016-07-31,52.41,FOODS_3_080_TX_3_evaluation
2016-08-31,50.17583333333333,FOODS_3_080_TX_3_evaluation
2016-09-30,39.77483333333333,FOODS_3_080_TX_3_evaluation
2016-10-31,46.654833333333336,FOODS_3_080_TX_3_evaluation
2016-11-30,39.61233333333334,FOODS_3_080_TX_3_evaluation
2016-06-30,44.655,FOODS_3_080_WI_1_evaluation
2016-07-31,48.85,FOODS_3_080_WI_1_evaluation
2016-08-31,45.45,FOODS_3_080_WI_1_evaluation
2016-09-30,35.290000000000006,FOODS_3_080_WI_1_evaluation
2016-10-31,31.135000000000005,FOODS_3_080_WI_1_evaluation
2016-11-30,20.595000000000006,FOODS_3_080_WI_1_evaluation
2016-06-30,47.54333333333334,FOODS_3_080_WI_3_evaluation
2016-07-31,50.388333333333335,FOODS_3_080_WI_3_evaluation
2016-08-31,45.903333333333336,FOODS_3_080_WI_3_evaluation
2016-09-30,41.64833333333333,FOODS_3_080_WI_3_evaluation
2016-10-31,35.36833333333333,FOODS_3_080_WI_3_evaluation
2016-11-30,29.24833333333333,FOODS_3_080_WI_3_evaluation
2016-06-30,57.335,FOODS_3_099_CA_4_evaluation
2016-07-31,57.795,FOODS_3_099_CA_4_evaluation
2016-08-31,44.21,FOODS_3_099_CA_4_evaluation
2016-09-30,48.31,FOODS_3_099_CA_4_evaluation
2016-10-31,51.305,FOODS_3_099_CA_4_evaluation
2016-11-30,39.79,FOODS_3_099_CA_4_evaluation
2016-06-30,47.42375,FOODS_3_099_TX_1_evaluation
2016-07-31,57.74375,FOODS_3_099_TX_1_evaluation
2016-08-31,49.28375,FOODS_3_099_TX_1_evaluation
2016-09-30,35.60875,FOODS_3_099_TX_1_evaluation
2016-10-31,36.878750000000004,FOODS_3_099_TX_1_evaluation
2016-11-30,28.688750000000002,FOODS_3_099_TX_1_evaluation
2016-06-30,51.715,FOODS_3_099_WI_3_evaluation
2016-07-31,55.940000000000005,FOODS_3_099_WI_3_evaluation
2016-08-31,50.785000000000004,FOODS_3_099_WI_3_evaluation
2016-09-30,37.830000000000005,FOODS_3_099_WI_3_evaluation
2016-10-31,42.285000000000004,FOODS_3_099_WI_3_evaluation
2016-11-30,32.300000000000004,FOODS_3_099_WI_3_evaluation
2016-06-30,44.79535714285714,FOODS_3_226_CA_3_evaluation
2016-07-31,47.47035714285714,FOODS_3_226_CA_3_evaluation
2016-08-31,45.33035714285714,FOODS_3_226_CA_3_evaluation
2016-09-30,37.18410714285714,FOODS_3_226_CA_3_evaluation
2016-10-31,33.67410714285714,FOODS_3_226_CA_3_evaluation
2016-11-30,28.81410714285714,FOODS_3_226_CA_3_evaluation
2016-06-30,45.848749999999995,FOODS_3_226_TX_1_evaluation
2016-07-31,49.653749999999995,FOODS_3_226_TX_1_evaluation
2016-08-31,47.61874999999999,FOODS_3_226_TX_1_evaluation
2016-09-30,39.40874999999999,FOODS_3_226_TX_1_evaluation
2016-10-31,39.72874999999999,FOODS_3_226_TX_1_evaluation
2016-11-30,36.66874999999999,FOODS_3_226_TX_1_evaluation
2016-06-30,45.894999999999996,FOODS_3_226_TX_2_evaluation
2016-07-31,50.91,FOODS_3_226_TX_2_evaluation
2016-08-31,48.7225,FOODS_3_226_TX_2_evaluation
2016-09-30,39.8365,FOODS_3_226_TX_2_evaluation
2016-10-31,41.7915,FOODS_3_226_TX_2_evaluation
2016-11-30,40.7465,FOODS_3_226_TX_2_evaluation
2016-06-30,47.91141666666667,FOODS_3_226_TX_3_evaluation
2016-07-31,51.171416666666666,FOODS_3_226_TX_3_evaluation
2016-08-31,49.34641666666666,FOODS_3_226_TX_3_evaluation
2016-09-30,42.001416666666664,FOODS_3_226_TX_3_evaluation
2016-10-31,45.196416666666664,FOODS_3_226_TX_3_evaluation
2016-11-30,39.71641666666666,FOODS_3_226_TX_3_evaluation
2016-06-30,47.545,FOODS_3_226_WI_1_evaluation
2016-07-31,51.29,FOODS_3_226_WI_1_evaluation
2016-08-31,49.425,FOODS_3_226_WI_1_evaluation
2016-09-30,42.186,FOODS_3_226_WI_1_evaluation
2016-10-31,47.816,FOODS_3_226_WI_1_evaluation
2016-11-30,41.196000000000005,FOODS_3_226_WI_1_evaluation
2016-06-30,47.545,FOODS_3_226_WI_2_evaluation
2016-07-31,51.29,FOODS_3_226_WI_2_evaluation
2016-08-31,49.425,FOODS_3_226_WI_2_evaluation
2016-09-30,42.186,FOODS_3_226_WI_2_evaluation
2016-10-31,47.816,FOODS_3_226_WI_2_evaluation
2016-11-30,41.196000000000005,FOODS_3_226_WI_2_evaluation
2016-06-30,47.545,FOODS_3_226_WI_3_evaluation
2016-07-31,51.29,FOODS_3_226_WI_3_evaluation
2016-08-31,49.425,FOODS_3_226_WI_3_evaluation
2016-09-30,42.186,FOODS_3_226_WI_3_evaluation
2016-10-31,47.816,FOODS_3_226_WI_3_evaluation
2016-11-30,41.196000000000005,FOODS_3_226_WI_3_evaluation
2016-06-30,51.5425,FOODS_3_228_CA_1_evaluation
2016-07-31,49.9475,FOODS_3_228_CA_1_evaluation
2016-08-31,47.051249999999996,FOODS_3_228_CA_1_evaluation
2016-09-30,38.731249999999996,FOODS_3_228_CA_1_evaluation
2016-10-31,40.04125,FOODS_3_228_CA_1_evaluation
2016-11-30,34.88625,FOODS_3_228_CA_1_evaluation
2016-06-30,53.97,FOODS_3_228_CA_2_evaluation
2016-07-31,54.98,FOODS_3_228_CA_2_evaluation
2016-08-31,46.089999999999996,FOODS_3_228_CA_2_evaluation
2016-09-30,35.459999999999994,FOODS_3_228_CA_2_evaluation
2016-10-31,29.234999999999992,FOODS_3_228_CA_2_evaluation
2016-11-30,20.404999999999994,FOODS_3_228_CA_2_evaluation
2016-06-30,46.165,FOODS_3_228_CA_3_evaluation
2016-07-31,51.55,FOODS_3_228_CA_3_evaluation
2016-08-31,46.165,FOODS_3_228_CA_3_evaluation
2016-09-30,33.54,FOODS_3_228_CA_3_evaluation
2016-10-31,35.41,FOODS_3_228_CA_3_evaluation
2016-11-30,25.134999999999998,FOODS_3_228_CA_3_evaluation
2016-06-30,49.92,FOODS_3_228_TX_2_evaluation
2016-07-31,50.97,FOODS_3_228_TX_2_evaluation
2016-08-31,48.74,FOODS_3_228_TX_2_evaluation
2016-09-30,40.53,FOODS_3_228_TX_2_evaluation
2016-10-31,44.905,FOODS_3_228_TX_2_evaluation
2016-11-30,39.56,FOODS_3_228_TX_2_evaluation
2016-06-30,48.425,FOODS_3_228_TX_3_evaluation
2016-07-31,50.765,FOODS_3_228_TX_3_evaluation
2016-08-31,49.378750000000004,FOODS_3_228_TX_3_evaluation
2016-09-30,39.008750000000006,FOODS_3_228_TX_3_evaluation
2016-10-31,43.51375000000001,FOODS_3_228_TX_3_evaluation
2016-11-30,35.41875000000001,FOODS_3_228_TX_3_evaluation
2016-06-30,47.545,FOODS_3_252_CA_1_evaluation
2016-07-31,51.29,FOODS_3_252_CA_1_evaluation
2016-08-31,49.425,FOODS_3_252_CA_1_evaluation
2016-09-30,42.186,FOODS_3_252_CA_1_evaluation
2016-10-31,47.816,FOODS_3_252_CA_1_evaluation
2016-11-30,41.196000000000005,FOODS_3_252_CA_1_evaluation
2016-06-30,47.015,FOODS_3_252_CA_2_evaluation
2016-07-31,50.71,FOODS_3_252_CA_2_evaluation
2016-08-31,48.44,FOODS_3_252_CA_2_evaluation
2016-09-30,41.07,FOODS_3_252_CA_2_evaluation
2016-10-31,44.49,FOODS_3_252_CA_2_evaluation
2016-11-30,39.565000000000005,FOODS_3_252_CA_2_evaluation
2016-06-30,47.545,FOODS_3_252_CA_3_evaluation
2016-07-31,51.29,FOODS_3_252_CA_3_evaluation
2016-08-31,49.425,FOODS_3_252_CA_3_evaluation
2016-09-30,42.186,FOODS_3_252_CA_3_evaluation
2016-10-31,47.816,FOODS_3_252_CA_3_evaluation
2016-11-30,41.196000000000005,FOODS_3_252_CA_3_evaluation
2016-06-30,44.7525,FOODS_3_252_CA_4_evaluation
2016-07-31,52.1825,FOODS_3_252_CA_4_evaluation
2016-08-31,50.287499999999994,FOODS_3_252_CA_4_evaluation
2016-09-30,41.48524999999999,FOODS_3_252_CA_4_evaluation
2016-10-31,42.17524999999999,FOODS_3_252_CA_4_evaluation
2016-11-30,37.47524999999999,FOODS_3_252_CA_4_evaluation
2016-06-30,47.045,FOODS_3_252_TX_1_evaluation
2016-07-31,51.29,FOODS_3_252_TX_1_evaluation
2016-08-31,49.425,FOODS_3_252_TX_1_evaluation
2016-09-30,42.186,FOODS_3_252_TX_1_evaluation
2016-10-31,47.816,FOODS_3_252_TX_1_evaluation
2016-11-30,41.196000000000005,FOODS_3_252_TX_1_evaluation
2016-06-30,48.305,FOODS_3_252_TX_2_evaluation
2016-07-31,52.48,FOODS_3_252_TX_2_evaluation
2016-08-31,49.724999999999994,FOODS_3_252_TX_2_evaluation
2016-09-30,41.31999999999999,FOODS_3_252_TX_2_evaluation
2016-10-31,46.254999999999995,FOODS_3_252_TX_2_evaluation
2016-11-30,39.434999999999995,FOODS_3_252_TX_2_evaluation
2016-06-30,47.545,FOODS_3_252_TX_3_evaluation
2016-07-31,51.29,FOODS_3_252_TX_3_evaluation
2016-08-31,49.425,FOODS_3_252_TX_3_evaluation
2016-09-30,42.186,FOODS_3_252_TX_3_evaluation
2016-10-31,47.816,FOODS_3_252_TX_3_evaluation
2016-11-30,41.196000000000005,FOODS_3_252_TX_3_evaluation
2016-06-30,43.165,FOODS_3_252_WI_1_evaluation
2016-07-31,46.964999999999996,FOODS_3_252_WI_1_evaluation
2016-08-31,42.754999999999995,FOODS_3_252_WI_1_evaluation
2016-09-30,33.125,FOODS_3_252_WI_1_evaluation
2016-10-31,27.45,FOODS_3_252_WI_1_evaluation
2016-11-30,12.17,FOODS_3_252_WI_1_evaluation
2016-06-30,48.31,FOODS_3_252_WI_3_evaluation
2016-07-31,52.425000000000004,FOODS_3_252_WI_3_evaluation
2016-08-31,49.95583333333334,FOODS_3_252_WI_3_evaluation
2016-09-30,41.52083333333334,FOODS_3_252_WI_3_evaluation
2016-10-31,46.58583333333334,FOODS_3_252_WI_3_evaluation
2016-11-30,39.65083333333334,FOODS_3_252_WI_3_evaluation
2016-06-30,48.05,FOODS_3_377_CA_1_evaluation
2016-07-31,52.01,FOODS_3_377_CA_1_evaluation
2016-08-31,48.7375,FOODS_3_377_CA_1_evaluation
2016-09-30,40.3225,FOODS_3_377_CA_1_evaluation
2016-10-31,43.7525,FOODS_3_377_CA_1_evaluation
2016-11-30,38.3525,FOODS_3_377_CA_1_evaluation
2016-06-30,46.348749999999995,FOODS_3_377_CA_3_evaluation
2016-07-31,50.92375,FOODS_3_377_CA_3_evaluation
2016-08-31,48.80625,FOODS_3_377_CA_3_evaluation
2016-09-30,39.86125,FOODS_3_377_CA_3_evaluation
2016-10-31,41.98625,FOODS_3_377_CA_3_evaluation
2016-11-30,39.68625,FOODS_3_377_CA_3_evaluation
2016-06-30,49.672666666666665,FOODS_3_377_TX_1_evaluation
2016-07-31,51.06766666666667,FOODS_3_377_TX_1_evaluation
2016-08-31,49.39266666666667,FOODS_3_377_TX_1_evaluation
2016-09-30,42.11266666666667,FOODS_3_377_TX_1_evaluation
2016-10-31,47.45766666666667,FOODS_3_377_TX_1_evaluation
2016-11-30,40.92516666666667,FOODS_3_377_TX_1_evaluation
2016-06-30,49.9935,FOODS_3_377_TX_2_evaluation
2016-07-31,51.893499999999996,FOODS_3_377_TX_2_evaluation
2016-08-31,50.01558333333333,FOODS_3_377_TX_2_evaluation
2016-09-30,42.496583333333334,FOODS_3_377_TX_2_evaluation
2016-10-31,48.05158333333333,FOODS_3_377_TX_2_evaluation
2016-11-30,41.17158333333333,FOODS_3_377_TX_2_evaluation
2016-06-30,48.766416666666665,FOODS_3_377_TX_3_evaluation
2016-07-31,51.351416666666665,FOODS_3_377_TX_3_evaluation
2016-08-31,49.72891666666666,FOODS_3_377_TX_3_evaluation
2016-09-30,42.20491666666666,FOODS_3_377_TX_3_evaluation
2016-10-31,47.529916666666665,FOODS_3_377_TX_3_evaluation
2016-11-30,41.11241666666666,FOODS_3_377_TX_3_evaluation
2016-06-30,49.5275,FOODS_3_389_CA_1_evaluation
2016-07-31,51.822500000000005,FOODS_3_389_CA_1_evaluation
2016-08-31,48.07750000000001,FOODS_3_389_CA_1_evaluation
2016-09-30,40.17750000000001,FOODS_3_389_CA_1_evaluation
2016-10-31,33.29250000000001,FOODS_3_389_CA_1_evaluation
2016-11-30,26.43250000000001,FOODS_3_389_CA_1_evaluation
2016-06-30,47.545,FOODS_3_389_CA_3_evaluation
2016-07-31,50.79,FOODS_3_389_CA_3_evaluation
2016-08-31,49.425,FOODS_3_389_CA_3_evaluation
2016-09-30,42.186,FOODS_3_389_CA_3_evaluation
2016-10-31,47.816,FOODS_3_389_CA_3_evaluation
2016-11-30,41.196000000000005,FOODS_3_389_CA_3_evaluation
2016-06-30,47.20535714285714,FOODS_3_389_WI_3_evaluation
2016-07-31,51.26035714285714,FOODS_3_389_WI_3_evaluation
2016-08-31,49.27785714285714,FOODS_3_389_WI_3_evaluation
2016-09-30,40.96285714285713,FOODS_3_389_WI_3_evaluation
2016-10-31,43.577857142857134,FOODS_3_389_WI_3_evaluation
2016-11-30,40.16785714285713,FOODS_3_389_WI_3_evaluation
2016-06-30,43.59,FOODS_3_458_CA_3_evaluation
2016-07-31,45.45,FOODS_3_458_CA_3_evaluation
2016-08-31,42.495000000000005,FOODS_3_458_CA_3_evaluation
2016-09-30,31.690000000000005,FOODS_3_458_CA_3_evaluation
2016-10-31,23.180000000000007,FOODS_3_458_CA_3_evaluation
2016-11-30,20.015000000000008,FOODS_3_458_CA_3_evaluation
2016-06-30,46.275,FOODS_3_458_TX_3_evaluation
2016-07-31,48.03,FOODS_3_458_TX_3_evaluation
2016-08-31,48.165,FOODS_3_458_TX_3_evaluation
2016-09-30,39.925,FOODS_3_458_TX_3_evaluation
2016-10-31,33.584999999999994,FOODS_3_458_TX_3_evaluation
2016-11-30,29.749999999999993,FOODS_3_458_TX_3_evaluation
2016-06-30,38.269999999999996,FOODS_3_458_WI_2_evaluation
2016-07-31,51.265,FOODS_3_458_WI_2_evaluation
2016-08-31,47.135,FOODS_3_458_WI_2_evaluation
2016-09-30,36.864999999999995,FOODS_3_458_WI_2_evaluation
2016-10-31,26.249999999999993,FOODS_3_458_WI_2_evaluation
2016-11-30,28.27499999999999,FOODS_3_458_WI_2_evaluation
2016-06-30,46.870000000000005,FOODS_3_458_WI_3_evaluation
2016-07-31,52.415000000000006,FOODS_3_458_WI_3_evaluation
2016-08-31,48.605000000000004,FOODS_3_458_WI_3_evaluation
2016-09-30,40.59,FOODS_3_458_WI_3_evaluation
2016-10-31,44.67,FOODS_3_458_WI_3_evaluation
2016-11-30,39.375,FOODS_3_458_WI_3_evaluation
2016-06-30,50.22,FOODS_3_473_TX_2_evaluation
2016-07-31,50.17,FOODS_3_473_TX_2_evaluation
2016-08-31,45.3775,FOODS_3_473_TX_2_evaluation
2016-09-30,28.197499999999998,FOODS_3_473_TX_2_evaluation
2016-10-31,32.5775,FOODS_3_473_TX_2_evaluation
2016-11-30,20.3525,FOODS_3_473_TX_2_evaluation
2016-06-30,51.13,FOODS_3_477_TX_2_evaluation
2016-07-31,49.379285714285714,FOODS_3_477_TX_2_evaluation
2016-08-31,42.84878571428571,FOODS_3_477_TX_2_evaluation
2016-09-30,34.68378571428571,FOODS_3_477_TX_2_evaluation
2016-10-31,32.20878571428571,FOODS_3_477_TX_2_evaluation
2016-11-30,22.65378571428571,FOODS_3_477_TX_2_evaluation
2016-06-30,47.545,FOODS_3_555_CA_1_evaluation
2016-07-31,51.29,FOODS_3_555_CA_1_evaluation
2016-08-31,49.425,FOODS_3_555_CA_1_evaluation
2016-09-30,42.186,FOODS_3_555_CA_1_evaluation
2016-10-31,47.816,FOODS_3_555_CA_1_evaluation
2016-11-30,41.196000000000005,FOODS_3_555_CA_1_evaluation
2016-06-30,45.3575,FOODS_3_555_CA_2_evaluation
2016-07-31,51.2775,FOODS_3_555_CA_2_evaluation
2016-08-31,49.8275,FOODS_3_555_CA_2_evaluation
2016-09-30,42.7875,FOODS_3_555_CA_2_evaluation
2016-10-31,44.5125,FOODS_3_555_CA_2_evaluation
2016-11-30,39.9025,FOODS_3_555_CA_2_evaluation
2016-06-30,47.545,FOODS_3_555_CA_3_evaluation
2016-07-31,51.29,FOODS_3_555_CA_3_evaluation
2016-08-31,49.425,FOODS_3_555_CA_3_evaluation
2016-09-30,42.186,FOODS_3_555_CA_3_evaluation
2016-10-31,47.816,FOODS_3_555_CA_3_evaluation
2016-11-30,41.196000000000005,FOODS_3_555_CA_3_evaluation
2016-06-30,48.855000000000004,FOODS_3_555_TX_1_evaluation
2016-07-31,51.440000000000005,FOODS_3_555_TX_1_evaluation
2016-08-31,49.712500000000006,FOODS_3_555_TX_1_evaluation
2016-09-30,42.196000000000005,FOODS_3_555_TX_1_evaluation
2016-10-31,47.52100000000001,FOODS_3_555_TX_1_evaluation
2016-11-30,41.10350000000001,FOODS_3_555_TX_1_evaluation
2016-06-30,48.855000000000004,FOODS_3_555_TX_2_evaluation
2016-07-31,51.440000000000005,FOODS_3_555_TX_2_evaluation
2016-08-31,49.712500000000006,FOODS_3_555_TX_2_evaluation
2016-09-30,42.196000000000005,FOODS_3_555_TX_2_evaluation
2016-10-31,47.52100000000001,FOODS_3_555_TX_2_evaluation
2016-11-30,41.10350000000001,FOODS_3_555_TX_2_evaluation
2016-06-30,49.67875,FOODS_3_555_TX_3_evaluation
2016-07-31,50.70375,FOODS_3_555_TX_3_evaluation
2016-08-31,46.81625,FOODS_3_555_TX_3_evaluation
2016-09-30,36.091249999999995,FOODS_3_555_TX_3_evaluation
2016-10-31,35.896249999999995,FOODS_3_555_TX_3_evaluation
2016-11-30,25.596249999999994,FOODS_3_555_TX_3_evaluation
2016-06-30,44.765,FOODS_3_555_WI_1_evaluation
2016-07-31,48.735,FOODS_3_555_WI_1_evaluation
2016-08-31,41.62,FOODS_3_555_WI_1_evaluation
2016-09-30,32.39,FOODS_3_555_WI_1_evaluation
2016-10-31,26.875,FOODS_3_555_WI_1_evaluation
2016-11-30,14.49,FOODS_3_555_WI_1_evaluation
2016-06-30,47.386857142857146,FOODS_3_555_WI_2_evaluation
2016-07-31,51.066857142857145,FOODS_3_555_WI_2_evaluation
2016-08-31,49.026857142857146,FOODS_3_555_WI_2_evaluation
2016-09-30,41.83685714285715,FOODS_3_555_WI_2_evaluation
2016-10-31,45.426857142857145,FOODS_3_555_WI_2_evaluation
2016-11-30,41.11185714285715,FOODS_3_555_WI_2_evaluation
2016-06-30,47.545,FOODS_3_555_WI_3_evaluation
2016-07-31,51.29,FOODS_3_555_WI_3_evaluation
2016-08-31,49.425,FOODS_3_555_WI_3_evaluation
2016-09-30,42.186,FOODS_3_555_WI_3_evaluation
2016-10-31,47.816,FOODS_3_555_WI_3_evaluation
2016-11-30,41.196000000000005,FOODS_3_555_WI_3_evaluation
2016-06-30,47.545,FOODS_3_586_CA_1_evaluation
2016-07-31,51.29,FOODS_3_586_CA_1_evaluation
2016-08-31,49.425,FOODS_3_586_CA_1_evaluation
2016-09-30,42.186,FOODS_3_586_CA_1_evaluation
2016-10-31,47.816,FOODS_3_586_CA_1_evaluation
2016-11-30,41.196000000000005,FOODS_3_586_CA_1_evaluation
2016-06-30,47.545,FOODS_3_586_CA_2_evaluation
2016-07-31,51.29,FOODS_3_586_CA_2_evaluation
2016-08-31,49.425,FOODS_3_586_CA_2_evaluation
2016-09-30,42.186,FOODS_3_586_CA_2_evaluation
2016-10-31,47.751,FOODS_3_586_CA_2_evaluation
2016-11-30,41.131,FOODS_3_586_CA_2_evaluation
2016-06-30,47.545,FOODS_3_586_CA_3_evaluation
2016-07-31,51.29,FOODS_3_586_CA_3_evaluation
2016-08-31,49.425,FOODS_3_586_CA_3_evaluation
2016-09-30,42.186,FOODS_3_586_CA_3_evaluation
2016-10-31,47.816,FOODS_3_586_CA_3_evaluation
2016-11-30,41.196000000000005,FOODS_3_586_CA_3_evaluation
2016-06-30,47.195,FOODS_3_586_CA_4_evaluation
2016-07-31,51.025,FOODS_3_586_CA_4_evaluation
2016-08-31,48.81,FOODS_3_586_CA_4_evaluation
2016-09-30,41.535000000000004,FOODS_3_586_CA_4_evaluation
2016-10-31,42.6,FOODS_3_586_CA_4_evaluation
2016-11-30,39.315,FOODS_3_586_CA_4_evaluation
2016-06-30,47.545,FOODS_3_586_TX_1_evaluation
2016-07-31,51.29,FOODS_3_586_TX_1_evaluation
2016-08-31,49.425,FOODS_3_586_TX_1_evaluation
2016-09-30,42.186,FOODS_3_586_TX_1_evaluation
2016-10-31,47.816,FOODS_3_586_TX_1_evaluation
2016-11-30,41.196000000000005,FOODS_3_586_TX_1_evaluation
2016-06-30,48.305,FOODS_3_586_TX_2_evaluation
2016-07-31,52.48,FOODS_3_586_TX_2_evaluation
2016-08-31,49.724999999999994,FOODS_3_586_TX_2_evaluation
2016-09-30,41.31999999999999,FOODS_3_586_TX_2_evaluation
2016-10-31,46.254999999999995,FOODS_3_586_TX_2_evaluation
2016-11-30,39.434999999999995,FOODS_3_586_TX_2_evaluation
2016-06-30,47.545,FOODS_3_586_TX_3_evaluation
2016-07-31,51.29,FOODS_3_586_TX_3_evaluation
2016-08-31,49.425,FOODS_3_586_TX_3_evaluation
2016-09-30,42.186,FOODS_3_586_TX_3_evaluation
2016-10-31,47.816,FOODS_3_586_TX_3_evaluation
2016-11-30,41.196000000000005,FOODS_3_586_TX_3_evaluation
2016-06-30,47.545,FOODS_3_586_WI_1_evaluation
2016-07-31,51.29,FOODS_3_586_WI_1_evaluation
2016-08-31,49.425,FOODS_3_586_WI_1_evaluation
2016-09-30,42.186,FOODS_3_586_WI_1_evaluation
2016-10-31,47.816,FOODS_3_586_WI_1_evaluation
2016-11-30,41.196000000000005,FOODS_3_586_WI_1_evaluation
2016-06-30,47.545,FOODS_3_586_WI_2_evaluation
2016-07-31,51.115,FOODS_3_586_WI_2_evaluation
2016-08-31,49.225,FOODS_3_586_WI_2_evaluation
2016-09-30,42.035000000000004,FOODS_3_586_WI_2_evaluation
2016-10-31,45.17,FOODS_3_586_WI_2_evaluation
2016-11-30,41.09,FOODS_3_586_WI_2_evaluation
2016-06-30,47.545,FOODS_3_586_WI_3_evaluation
2016-07-31,51.29,FOODS_3_586_WI_3_evaluation
2016-08-31,49.425,FOODS_3_586_WI_3_evaluation
2016-09-30,42.186,FOODS_3_586_WI_3_evaluation
2016-10-31,47.816,FOODS_3_586_WI_3_evaluation
2016-11-30,41.196000000000005,FOODS_3_586_WI_3_evaluation
2016-06-30,47.22666666666667,FOODS_3_668_CA_1_evaluation
2016-07-31,51.85166666666667,FOODS_3_668_CA_1_evaluation
2016-08-31,50.99666666666667,FOODS_3_668_CA_1_evaluation
2016-09-30,43.34691666666667,FOODS_3_668_CA_1_evaluation
2016-10-31,43.23191666666667,FOODS_3_668_CA_1_evaluation
2016-11-30,40.59191666666667,FOODS_3_668_CA_1_evaluation
2016-06-30,45.4475,FOODS_3_668_CA_3_evaluation
2016-07-31,48.8375,FOODS_3_668_CA_3_evaluation
2016-08-31,47.4,FOODS_3_668_CA_3_evaluation
2016-09-30,39.685,FOODS_3_668_CA_3_evaluation
2016-10-31,39.685,FOODS_3_668_CA_3_evaluation
2016-11-30,37.440000000000005,FOODS_3_668_CA_3_evaluation
2016-06-30,45.9375,FOODS_3_668_WI_1_evaluation
2016-07-31,49.7175,FOODS_3_668_WI_1_evaluation
2016-08-31,47.7425,FOODS_3_668_WI_1_evaluation
2016-09-30,39.3975,FOODS_3_668_WI_1_evaluation
2016-10-31,39.6925,FOODS_3_668_WI_1_evaluation
2016-11-30,34.947500000000005,FOODS_3_668_WI_1_evaluation
2016-06-30,45.88,FOODS_3_668_WI_2_evaluation
2016-07-31,45.89,FOODS_3_668_WI_2_evaluation
2016-08-31,43.295,FOODS_3_668_WI_2_evaluation
2016-09-30,30.17,FOODS_3_668_WI_2_evaluation
2016-10-31,27.485000000000003,FOODS_3_668_WI_2_evaluation
2016-11-30,18.67,FOODS_3_668_WI_2_evaluation
2016-06-30,48.425,FOODS_3_668_WI_3_evaluation
2016-07-31,50.4,FOODS_3_668_WI_3_evaluation
2016-08-31,47.01,FOODS_3_668_WI_3_evaluation
2016-09-30,36.375,FOODS_3_668_WI_3_evaluation
2016-10-31,38.51,FOODS_3_668_WI_3_evaluation
2016-11-30,28.159999999999997,FOODS_3_668_WI_3_evaluation
2016-06-30,47.805,FOODS_3_694_CA_1_evaluation
2016-07-31,52.545,FOODS_3_694_CA_1_evaluation
2016-08-31,49.79,FOODS_3_694_CA_1_evaluation
2016-09-30,40.879999999999995,FOODS_3_694_CA_1_evaluation
2016-10-31,46.339999999999996,FOODS_3_694_CA_1_evaluation
2016-11-30,39.449999999999996,FOODS_3_694_CA_1_evaluation
2016-06-30,49.980000000000004,FOODS_3_694_CA_2_evaluation
2016-07-31,50.28,FOODS_3_694_CA_2_evaluation
2016-08-31,45.620000000000005,FOODS_3_694_CA_2_evaluation
2016-09-30,31.840000000000003,FOODS_3_694_CA_2_evaluation
2016-10-31,30.925000000000004,FOODS_3_694_CA_2_evaluation
2016-11-30,21.695000000000004,FOODS_3_694_CA_2_evaluation
2016-06-30,47.545,FOODS_3_694_CA_3_evaluation
2016-07-31,51.29,FOODS_3_694_CA_3_evaluation
2016-08-31,49.425,FOODS_3_694_CA_3_evaluation
2016-09-30,42.186,FOODS_3_694_CA_3_evaluation
2016-10-31,47.816,FOODS_3_694_CA_3_evaluation
2016-11-30,41.196000000000005,FOODS_3_694_CA_3_evaluation
2016-06-30,43.356785714285714,FOODS_3_694_CA_4_evaluation
2016-07-31,43.301785714285714,FOODS_3_694_CA_4_evaluation
2016-08-31,40.08678571428571,FOODS_3_694_CA_4_evaluation
2016-09-30,29.05678571428571,FOODS_3_694_CA_4_evaluation
2016-10-31,26.04678571428571,FOODS_3_694_CA_4_evaluation
2016-11-30,15.576785714285712,FOODS_3_694_CA_4_evaluation
2016-06-30,47.545,FOODS_3_694_TX_1_evaluation
2016-07-31,51.29,FOODS_3_694_TX_1_evaluation
2016-08-31,49.23,FOODS_3_694_TX_1_evaluation
2016-09-30,41.934999999999995,FOODS_3_694_TX_1_evaluation
2016-10-31,45.209999999999994,FOODS_3_694_TX_1_evaluation
2016-11-30,40.94499999999999,FOODS_3_694_TX_1_evaluation
2016-06-30,51.145,FOODS_3_694_TX_2_evaluation
2016-07-31,53.235,FOODS_3_694_TX_2_evaluation
2016-08-31,49.066874999999996,FOODS_3_694_TX_2_evaluation
2016-09-30,41.521874999999994,FOODS_3_694_TX_2_evaluation
2016-10-31,43.986875,FOODS_3_694_TX_2_evaluation
2016-11-30,37.401875,FOODS_3_694_TX_2_evaluation
2016-06-30,48.644999999999996,FOODS_3_694_TX_3_evaluation
2016-07-31,51.199999999999996,FOODS_3_694_TX_3_evaluation
2016-08-31,49.404999999999994,FOODS_3_694_TX_3_evaluation
2016-09-30,42.099999999999994,FOODS_3_694_TX_3_evaluation
2016-10-31,47.675,FOODS_3_694_TX_3_evaluation
2016-11-30,41.25749999999999,FOODS_3_694_TX_3_evaluation
2016-06-30,47.545,FOODS_3_694_WI_1_evaluation
2016-07-31,51.29,FOODS_3_694_WI_1_evaluation
2016-08-31,49.425,FOODS_3_694_WI_1_evaluation
2016-09-30,42.186,FOODS_3_694_WI_1_evaluation
2016-10-31,47.816,FOODS_3_694_WI_1_evaluation
2016-11-30,41.196000000000005,FOODS_3_694_WI_1_evaluation
2016-06-30,47.545,FOODS_3_694_WI_2_evaluation
2016-07-31,51.29,FOODS_3_694_WI_2_evaluation
2016-08-31,49.425,FOODS_3_694_WI_2_evaluation
2016-09-30,42.186,FOODS_3_694_WI_2_evaluation
2016-10-31,47.816,FOODS_3_694_WI_2_evaluation
2016-11-30,41.196000000000005,FOODS_3_694_WI_2_evaluation
2016-06-30,47.545,FOODS_3_694_WI_3_evaluation
2016-07-31,51.29,FOODS_3_694_WI_3_evaluation
2016-08-31,49.425,FOODS_3_694_WI_3_evaluation
2016-09-30,42.186,FOODS_3_694_WI_3_evaluation
2016-10-31,47.816,FOODS_3_694_WI_3_evaluation
2016-11-30,41.196000000000005,FOODS_3_694_WI_3_evaluation
2016-06-30,51.65,FOODS_3_697_CA_3_evaluation
2016-07-31,45.449999999999996,FOODS_3_697_CA_3_evaluation
2016-08-31,43.06249999999999,FOODS_3_697_CA_3_evaluation
2016-09-30,32.97749999999999,FOODS_3_697_CA_3_evaluation
2016-10-31,33.82749999999999,FOODS_3_697_CA_3_evaluation
2016-11-30,29.442499999999995,FOODS_3_697_CA_3_evaluation
2016-06-30,47.545,FOODS_3_714_CA_1_evaluation
2016-07-31,51.29,FOODS_3_714_CA_1_evaluation
2016-08-31,49.425,FOODS_3_714_CA_1_evaluation
2016-09-30,42.186,FOODS_3_714_CA_1_evaluation
2016-10-31,47.816,FOODS_3_714_CA_1_evaluation
2016-11-30,41.196000000000005,FOODS_3_714_CA_1_evaluation
2016-06-30,51.42,FOODS_3_714_CA_2_evaluation
2016-07-31,49.44,FOODS_3_714_CA_2_evaluation
2016-08-31,41.745,FOODS_3_714_CA_2_evaluation
2016-09-30,30.095,FOODS_3_714_CA_2_evaluation
2016-10-31,22.755,FOODS_3_714_CA_2_evaluation
2016-11-30,14.059999999999999,FOODS_3_714_CA_2_evaluation
2016-06-30,47.545,FOODS_3_714_CA_3_evaluation
2016-07-31,51.29,FOODS_3_714_CA_3_evaluation
2016-08-31,49.425,FOODS_3_714_CA_3_evaluation
2016-09-30,42.186,FOODS_3_714_CA_3_evaluation
2016-10-31,47.816,FOODS_3_714_CA_3_evaluation
2016-11-30,41.196000000000005,FOODS_3_714_CA_3_evaluation
2016-06-30,43.803333333333335,FOODS_3_714_CA_4_evaluation
2016-07-31,48.56333333333333,FOODS_3_714_CA_4_evaluation
2016-08-31,43.795833333333334,FOODS_3_714_CA_4_evaluation
2016-09-30,37.40983333333333,FOODS_3_714_CA_4_evaluation
2016-10-31,38.15983333333333,FOODS_3_714_CA_4_evaluation
2016-11-30,35.56483333333333,FOODS_3_714_CA_4_evaluation
2016-06-30,50.815,FOODS_3_714_TX_1_evaluation
2016-07-31,52.985,FOODS_3_714_TX_1_evaluation
2016-08-31,48.74975,FOODS_3_714_TX_1_evaluation
2016-09-30,40.94475,FOODS_3_714_TX_1_evaluation
2016-10-31,44.20475,FOODS_3_714_TX_1_evaluation
2016-11-30,35.28975,FOODS_3_714_TX_1_evaluation
2016-06-30,48.305,FOODS_3_714_TX_2_evaluation
2016-07-31,52.48,FOODS_3_714_TX_2_evaluation
2016-08-31,49.724999999999994,FOODS_3_714_TX_2_evaluation
2016-09-30,41.31999999999999,FOODS_3_714_TX_2_evaluation
2016-10-31,46.254999999999995,FOODS_3_714_TX_2_evaluation
2016-11-30,39.434999999999995,FOODS_3_714_TX_2_evaluation
2016-06-30,46.3875,FOODS_3_714_TX_3_evaluation
2016-07-31,49.6075,FOODS_3_714_TX_3_evaluation
2016-08-31,49.045,FOODS_3_714_TX_3_evaluation
2016-09-30,37.64,FOODS_3_714_TX_3_evaluation
2016-10-31,43.31,FOODS_3_714_TX_3_evaluation
2016-11-30,39.405,FOODS_3_714_TX_3_evaluation
2016-06-30,45.8925,FOODS_3_714_WI_1_evaluation
2016-07-31,49.7525,FOODS_3_714_WI_1_evaluation
2016-08-31,44.9225,FOODS_3_714_WI_1_evaluation
2016-09-30,34.7475,FOODS_3_714_WI_1_evaluation
2016-10-31,29.6625,FOODS_3_714_WI_1_evaluation
2016-11-30,16.9825,FOODS_3_714_WI_1_evaluation
2016-06-30,46.5195,FOODS_3_714_WI_2_evaluation
2016-07-31,50.4995,FOODS_3_714_WI_2_evaluation
2016-08-31,48.619499999999995,FOODS_3_714_WI_2_evaluation
2016-09-30,40.30324999999999,FOODS_3_714_WI_2_evaluation
2016-10-31,41.003249999999994,FOODS_3_714_WI_2_evaluation
2016-11-30,38.88325,FOODS_3_714_WI_2_evaluation
2016-06-30,47.045,FOODS_3_714_WI_3_evaluation
2016-07-31,51.29,FOODS_3_714_WI_3_evaluation
2016-08-31,49.425,FOODS_3_714_WI_3_evaluation
2016-09-30,42.186,FOODS_3_714_WI_3_evaluation
2016-10-31,47.816,FOODS_3_714_WI_3_evaluation
2016-11-30,41.196000000000005,FOODS_3_714_WI_3_evaluation
2016-06-30,44.370000000000005,FOODS_3_756_CA_3_evaluation
2016-07-31,49.095000000000006,FOODS_3_756_CA_3_evaluation
2016-08-31,44.455000000000005,FOODS_3_756_CA_3_evaluation
2016-09-30,29.330000000000005,FOODS_3_756_CA_3_evaluation
2016-10-31,25.785000000000004,FOODS_3_756_CA_3_evaluation
2016-11-30,20.880000000000003,FOODS_3_756_CA_3_evaluation
2016-06-30,49.995,FOODS_3_804_CA_2_evaluation
2016-07-31,49.894999999999996,FOODS_3_804_CA_2_evaluation
2016-08-31,45.364999999999995,FOODS_3_804_CA_2_evaluation
2016-09-30,34.25999999999999,FOODS_3_804_CA_2_evaluation
2016-10-31,35.32499999999999,FOODS_3_804_CA_2_evaluation
2016-11-30,24.64499999999999,FOODS_3_804_CA_2_evaluation
2016-06-30,135109.45,TX
2016-07-31,141852.36500000002,TX
2016-08-31,142233.75000000003,TX
2016-09-30,141094.88500000004,TX
2016-10-31,154940.94000000003,TX
2016-11-30,147265.01000000004,TX
2016-06-30,40815.955,TX_1
2016-07-31,43049.26,TX_1
2016-08-31,42646.08,TX_1
2016-09-30,40918.76,TX_1
2016-10-31,44549.14,TX_1
2016-11-30,42003.615,TX_1
2016-06-30,47020.915,TX_2
2016-07-31,50089.86,TX_2
2016-08-31,50095.275,TX_2
2016-09-30,51997.26,TX_2
2016-10-31,62908.87,TX_2
2016-11-30,64303.725000000006,TX_2
2016-06-30,46178.155,TX_3
2016-07-31,47764.025,TX_3
2016-08-31,49652.44,TX_3
2016-09-30,48569.75,TX_3
2016-10-31,53051.64,TX_3
2016-11-30,50945.56,TX_3
2016-06-30,514097.5,Total
2016-07-31,540620.28,Total
2016-08-31,553366.93,Total
2016-09-30,534362.025,Total
2016-10-31,577046.5750000001,Total
2016-11-30,526925.5750000001,Total
2016-06-30,149147.01,WI
2016-07-31,154288.89500000002,WI
2016-08-31,154697.80500000002,WI
2016-09-30,155741.08000000002,WI
2016-10-31,173962.72000000003,WI
2016-11-30,161868.68500000003,WI
2016-06-30,50826.26,WI_1
2016-07-31,53180.145000000004,WI_1
2016-08-31,53304.280000000006,WI_1
2016-09-30,50449.395000000004,WI_1
2016-10-31,58677.245,WI_1
2016-11-30,57619.515,WI_1
2016-06-30,53418.37,WI_2
2016-07-31,55544.15,WI_2
2016-08-31,59235.375,WI_2
2016-09-30,59516.105,WI_2
2016-10-31,62727.355,WI_2
2016-11-30,56174.995,WI_2
2016-06-30,45534.155,WI_3
2016-07-31,47147.345,WI_3
2016-08-31,46545.485,WI_3
2016-09-30,45807.82,WI_3
2016-10-31,51097.725,WI_3
2016-11-30,49433.615,WI_3
